1;日;SUN ・ DAY ・ JAPAN
2;一;ONE
3;二;TWO
4;三;THREE
5;十;TEN
6;四;FOUR
7;五;FIVE
8;六;SIX
9;七;SEVEN
10;八;EIGHT
11;九;NINE
12;丸;ROUND
13;円;CIRCLE ・ YEN
14;○;ZERO ・ CIRCLE MARK
15;人;HUMAN BEING
16;百;HUNDRED
17;千;THOUSAND
18;万;TEN THOUSAND
19;口;MOUTH
20;田;RICE FIELD
21;目;EYE ・ ITEM
22;川;RIVER
23;月;MOON ・ MONTH
24;明;BRIGHT ・ CLEAR
25;曜;DAY OF THE WEEK
26;火;FIRE
27;水;WATER
28;木;TREE ・ WOOD
29;金;METAL ・ GOLD ・ MONEY
30;土;SOIL
31;本;BASIS ・ BOOK ・ THIS
32;東;EAST
33;大;BIG ・ UNIVERSITY
34;小;SMALL
35;中;MIDDLE ・ IN ・ CHINA
36;生;LIFE ・ BE BORN ・ STUDENT
37;山;MOUNTAIN
38;出;GO OUT ・ PUT OUT
39;入;ENTER ・ PUT IN
40;下;DOWN
41;上;UP
42;止;STOP
43;正;RIGHT
44;足;FOOT ・ SUFFICE
45;定;FIX
46;手;HAND ・ PERFORMER OF AN ACTION
47;用;EMPLOY ・ THINGS TO DO
48;無;WITHOUT ・ NOTHING
49;不;NOT
50;回;TURN ROUND ・ TIME
51;言;SAY ・ SPEECH
52;舌;TONGUE
53;話;SPEAK
54;活;ACTIVE ・ LIVE
55;行;GO ・ ACT ・ LINE
56;心;HEART
57;耳;EAR
58;又;AGAIN ・ OR
59;取;TAKE
60;身;BODY ・ ONE'S PERSON ・ SOCIAL POSITION
61;休;REST
62;体;BODY ・ FORM
63;信;BELIEVE ・ MESSAGE
64;付;ATTACH
65;受;RECEIVE
66;以;TO THE...OF ・ BY MEANS OF
67;立;STAND ・ ESTABLISH
68;部;SECTION
69;倍;TIMES ・ DOUBLE
70;成;BECOME ・ ACHIEVE
71;代;REPLACE ・ GENERATION ・ CHARGE
72;王;KING
73;玉;GEM
74;宝;TREASURE
75;国;COUNTRY
76;白;WHITE
77;皇;EMPEROR
78;全;WHOLE
79;書;WRITE ・ BOOK
80;事;AFFAIR ・ ABSTRACT THING
81;自;SELF
82;貝;SHELLFISH
83;見;SEE
84;力;POWER
85;刀;SWORD
86;切;CUT
87;刃;BLADE
88;分;DIVIDE ・ PART ・ MINUTE
89;公;PUBLIC
90;別;SEPARATE ・ ANOTHER
91;長;LONG ・ CHIEF
92;男;MAN
93;女;WOMAN
94;子;CHILD ・ NOUN SUFFIX
95;好;LIKE ・ FAVORABLE
96;安;PEACEFUL ・ INEXPENSIVE
97;案;PROPOSAL
98;字;CHARACTER
99;学;STUDY ・ EDUCATIONAL INSTITUTION
100;父;FATHER
101;文;WRITINGS ・ LETTER
102;交;INTERCOURSE ・ CROSS
103;校;SCHOOL ・ PROOFREAD
104;母;MOTHER
105;毎;EVERY
106;海;SEA
107;者;PERSON
108;工;MANUFACTURE ・ CONSTRUCTION
109;式;FORM ・ CEREMONY ・ FORMULA
110;弐;TWO
111;武;MILITARY
112;糸;THREAD
113;前;BEFORE
114;後;AFTER
115;午;NOON ・  THE HORSE
116;牛;CATTLE
117;年;YEAR
118;件;MATTER
119;条;ARTICLE
120;化;CHANGE INTO
121;花;FLOWER
122;北;NORTH
123;比;COMPARE ・ PHONETIC [HI]
124;背;BACK
125;車;VEHICLE ・ WHEEL
126;気;GAS ・ SPIRIT
127;汽;STEAM
128;性;NATURE ・ SEX ・ -ITY
129;畑;FIELD
130;青;BLUE
131;麦;WHEAT
132;素;ELEMENT ・ PLAIN
133;毒;POISON
134;先;AHEAD
135;洗;WASH
136;元;ORIGIN
137;光;LIGHT
138;去;GO AWAY
139;法;LAW ・ METHOD
140;走;RUN
141;当;THE PRESENT ・ HIT
142;思;THINK
143;早;EARLY ・ QUICK
144;草;GRASS
145;朝;MORNING ・ DYNASTY
146;潮;TIDE
147;形;SHAPE
148;発;OPEN UP ・ EMIT ・ START
149;廃;ABANDON ・ WASTE
150;音;SOUND
151;意;MIND ・ MEANING
152;作;MAKE ・ WORK
153;昨;YESTERDAY ・ LAST
154;雨;RAIN
155;電;ELECTRICITY
156;頁;PAGE
157;首;HEAD ・ NECK ・ LEADER
158;道;WAY
159;通;PASS ・ COMMUNICATE
160;乳;MILK
161;豆;BEAN
162;頭;HEAD
163;予;IN ADVANCE
164;矛;HALBERD
165;預;DEPOSIT
166;句;PHRASE ・ HAIKU
167;旬;TEN-DAY PERIOD
168;勺;<SHAKU> (0.018L)
169;的;TARGET ・ ADJECTIVAL SUFFIX
170;約;PROMISE ・ SHORTEN ・ APPROXIMATELY
171;勿;DO NOT
172;物;THING
173;方;DIRECTION ・ WAY ・ SQUARE
174;防;DEFEND AGAINST
175;面;FACE
176;画;PICTURE ・ DRAW UP A PLAN
177;両;BOTH
178;岡;HILL
179;満;FULL
180;顔;FACE
181;産;GIVE BIRTH ・ PRODUCE
182;同;SAME
183;向;TURN TOWARD
184;尚;STILL (MORE) ・ VALUE HIGHLY
185;高;HIGH ・ AMOUNT
186;圧;PRESSURE
187;地;GROUND ・ PLACE
188;池;POND
189;他;OTHER
190;集;GATHER
191;進;ADVANCE
192;込;MOVE INWARD ・ EMPHATIC VERBAL SUFFIX
193;斤;<KIN> (600g)
194;近;NEAR ・ RECENT
195;辺;VICINITY ・ BORDERLAND
196;最;MOST
197;皿;PLATE
198;血;BLOOD
199;温;WARM
200;湿;MOIST
201;爪;CLAW
202;瓜;MELON
203;巾;CLOTH
204;布;CLOTH ・ SPREAD
205;市;CITY ・ MARKET
206;吊;HANG
207;泉;SPRING
208;原;PLAIN ・ ORIGINAL
209;源;SOURCE
210;線;LINE
211;綿;COTTON
212;絹;SILK
213;錦;BROCADE
214;願;WISH ・ ASK A FAVOR
215;内;INSIDE
216;肉;FLESH
217;猪;WILD BOAR
218;豚;PIG
219;家;HOUSE ・ FAMILY
220;吾;EGO
221;我;SELF
222;語;WORD ・ LANGUAGE ・ TELL
223;伝;TRANSMIT
224;転;TURN
225;芸;ART
226;会;MEET ・ SOCIETY
227;合;COMBINE ・ FIT
228;今;PRESENT ・ THIS
229;令;COMMAND
230;念;THOUGHTS
231;印;SEAL
232;命;ORDER ・ LIFE ・ FATE
233;亡;DECEASED
234;米;RICE ・ AMERICA
235;粒;GRAIN
236;和;HARMONIOUS ・ PEACE ・ JAPAN
237;私;PRIVATE ・ I
238;広;WIDE
239;細;SLENDER ・ MINUTE
240;林;FOREST
241;森;THICK WOODS
242;松;PINE
243;竹;BAMBOO
244;都;METROPOLIS ・ METROPOLIS OF TOKYO
245;京;CAPITAL ・ TOKYO ・ KYOTO
246;政;POLITICAL ADMINISTRATION
247;府;URBAN PREFECTURE ・ GOVERNMENT OFFICE
248;戸;DOOR ・ HOUSEHOLD
249;所;PLACE ・ PARTICLE OF NOMINALIZATION
250;至;COME TO
251;致;BRING ABOUT ・ DO HUMBLY
252;屋;HOUSE ・ SMALL SHOP
253;室;ROOM
254;古;OLD
255;居;BE PRESENT ・ RESIDE
256;局;BUREAU ・ LIMITED PART ・ SITUATION
257;故;OLD ・ INCIDENT ・ REASON
258;胡;NATIVES OF ANCIENT CHINA
259;湖;LAKE
260;固;SOLID ・ FIRM
261;箇;COUNTER FOR ITEMS
262;個;INDIVIDUAL ・ GENERAL COUNTER
263;且;AS WELL AS
264;組;ORGANIZE ・ ASSEMBLE
265;夕;EVENING
266;外;OUTSIDE
267;多;MANY
268;汐;(EVENING) TIDE
269;名;NAME
270;天;HEAVEN
271;未;NOT YET
272;末;LAST PART
273;味;TASTE
274;来;COME
275;新;NEW
276;親;PARENT ・ RELATIVES ・ INTIMATE
277;欠;LACK
278;次;NEXT
279;席;SEAT
280;度;DEGREE ・ TIME
281;渡;CROSS
282;限;LIMIT
283;銀;SILVER
284;根;ROOT
285;良;GOOD
286;郎;YOUNG MAN ・ MALE NAME SUFFIX
287;廊;CORRIDOR
288;食;EAT ・ FOOD
289;飲;DRINK
290;官;GOVERNMENT ・ GOVERNMENT OFFICIAL
291;館;PUBLIC BUILDING
292;宿;LODGE
293;犬;DOG
294;太;GREAT ・ THICK
295;器;VESSEL ・ INSTRUMENT
296;凶;MISFORTUNE ・ EVIL
297;区;DIVIDE INTO SECTIONS ・ DISTRICT ・ WARD
298;図;DRAWING
299;番;NUMERICAL ORDER ・ WATCH
300;号;NUMBER ・ DESIGNATION ・ SIGN
301;品;ARTICLE ・ GRADE OF EXCELLENCE ・ CLASSIFICATION
302;楽;PLEASURE ・ COMFORTABLE ・ MUSIC
303;薬;DRUG
304;周;PERIPHERY
305;週;WEEK
306;調;TONE ・ INVESTIGATE ・ PREPARE
307;束;TIE UP ・ BUNDLE
308;整;PUT IN ORDER
309;数;NUMBER
310;類;KIND
311;示;SHOW
312;禁;PROHIBIT
313;礼;ETIQUETTE ・ RITE
314;社;COMPANY ・ SOCIETY ・ SHINTO SHRINE
315;申;REPORT ・ SPEAK HUMBLY
316;神;GOD
317;員;MEMBER
318;質;QUALITY ・ MATTER ・ PAWN
319;党;PARTY
320;堂;HALL
321;常;NORMAL ・ REGULAR
322;賞;PRIZE
323;償;RECOMPENSE
324;掌;PALM OF ONE'S HAND ・ TAKE CHARGE OF
325;覚;PERCEIVE ・ WAKE UP ・ COMMIT TO MEMORY
326;悟;AWAKE TO
327;感;SENSE
328;央;CENTER
329;映;REFLECT ・ PROJECT
330;決;DECIDE
331;快;PLEASANT
332;英;DISTINGUISHED ・ ENGLAND
333;並;LINE UP
334;平;FLAT ・ CALM
335;半;HALF
336;馬;HORSE
337;尺;<SHAKU> (30.3cm)
338;尽;EXHAUST
339;駅;STATION
340;鳥;BIRD
341;島;ISLAND
342;角;ANGLE ・ HORN
343;虫;INSECT
344;触;TOUCH
345;解;TAKE APART ・ DISSOLVE ・ CLARIFY
346;独;ALONE
347;店;SHOP
348;占;OCCUPY ・ DIVINE
349;点;POINT
350;士;MILITARY MAN ・ MAN OF LEARNING
351;商;TRADE
352;買;BUY
353;売;SELL
354;続;CONTINUE
355;読;READ
356;共;JOINT
357;供;OFFER
358;洪;FLOOD
359;昔;FORMER TIMES
360;冬;WINTER
361;寒;COLD
362;春;SPRING
363;夏;SUMMER
364;秋;AUTUMN
365;主;MAIN ・ LORD
366;住;LIVE
367;駐;STATIONED
368;注;POUR ・ CONCENTRATE
369;志;AMBITION
370;誌;MAGAZINE
371;仕;SERVE ・ DO
372;任;OFFICE ・ ENTRUST
373;支;BRANCH ・ SUPPORT ・ BE OBSTRUCTED
374;反;COUNTER
375;坂;SLOPE
376;阪;SLOPE
377;飯;COOKED RICE ・ MEAL
378;返;RETURN
379;雑;MISCELLANEOUS ・ MIXED
380;乱;DISORDERED
381;寸;A BIT OF ・ <SUN> (3.03cm)
382;寺;BUDDHIST TEMPLE
383;時;TIME
384;持;HOLD
385;特;SPECIAL
386;待;WAIT
387;得;ACQUIRE ・ GAIN
388;侍;ATTEND UPON ・ SAMURAI
389;詩;POETRY
390;即;IMMEDIATE ・ NAMELY
391;節;JOINT ・ INTERVAL ・ SEASON OF THE YEAR
392;筋;MUSCLE ・ THREADLIKE STRUCTURE
393;等;EQUAL ・ CLASS
394;均;EQUAL
395;季;SEASON
396;委;COMMIT
397;穴;HOLE
398;空;SKY ・ AIR ・ EMPTY
399;友;FRIEND
400;有;HAVE
401;左;LEFT
402;右;RIGHT
403;石;STONE
404;若;YOUNG
405;苦;SUFFERING ・ BITTER
406;在;BE
407;存;EXIST
408;干;DRY
409;刊;PUBLISH
410;汗;SWEAT
411;竿;POLE
412;利;ADVANTAGE ・ PROFIT
413;害;HARM
414;益;BENEFIT
415;溢;SPILL OVER
416;割;DIVIDE
417;憲;CONSTITUTION
418;羽;FEATHER ・ WING
419;翌;THE FOLLOWING
420;習;LEARN ・ CUSTOM
421;弓;BOW
422;引;DRAW ・ REDUCE
423;強;STRONG
424;弱;WEAK
425;風;WIND ・ MANNER
426;己;ONESELF
427;記;WRITE DOWN
428;紀;ERA ・ DISCIPLINE
429;改;REFORM
430;起;RISE
431;姓;SURNAME
432;由;REASON
433;油;OIL
434;井;WELL
435;囲;ENCLOSE
436;丼;BOWL
437;丁;TOWN SUBSECTION ・ MISCELLANEOUS COUNTER
438;寧;COURTEOUS
439;町;TOWN
440;灯;LAMP
441;庁;GOVERNMENT AGENCY
442;貯;STORE UP
443;易;EASY ・ EXCHANGE ・ FORTUNETELLING
444;賜;DEIGN TO GIVE
445;場;PLACE
446;湯;HOT WATER
447;門;GATE
448;間;SPACE IN BETWEEN
449;閉;CLOSE
450;開;OPEN
451;関;CONNECT WITH ・ BARRIER
452;問;QUESTION
453;聞;HEAR
454;訪;VISIT
455;送;SEND
456;券;TICKET ・ CERTIFICATE
457;包;WRAP ・ ENCOMPASS
458;巻;ROLL UP ・ VOLUME
459;圏;SPHERE
460;勝;WIN ・ EXCEL
461;戦;WAR
462;単;SINGLE
463;簡;SIMPLE
464;過;PASS BY ・ EXCEED
465;骨;BONE
466;昼;DAYTIME
467;夜;NIGHT
468;液;LIQUID
469;戒;CAUTION
470;幾;HOW MANY ・ SOME
471;畿;CAPITAL REGION
472;磯;ROCKY BEACH
473;機;MACHINE ・ AIRCRAFT ・ OPPORTUNITY
474;械;MECHANICAL CONTRIVANCE
475;飛;FLY
476;氏;FAMILY ・ COURTESY TITLE
477;民;PEOPLE
478;紙;PAPER
479;低;LOW
480;抵;RESIST
481;邸;STATELY RESIDENCE
482;底;BOTTOM
483;巨;GIANT
484;臣;RETAINER
485;基;BASE
486;期;TERM ・ EXPECT
487;毛;HAIR
488;尾;TAIL
489;育;RAISE
490;羊;SHEEP
491;洋;OCEAN ・ WESTERN
492;魚;FISH
493;鮮;FRESH ・ VIVID
494;蘇;REVIVE
495;詳;DETAILED
496;祥;AUSPICIOUS
497;美;BEAUTIFUL
498;業;WORK ・ BUSINESS ・ INDUSTRY
499;実;REAL ・ FRUIT
500;養;FOSTER
501;様;MODE ・ FORMAL TITLE
502;企;SCHEME
503;曲;MUSICAL COMPOSITION ・ CURVE
504;典;STANDARD WORK ・ CANON
505;興;RISE TO PROSPERITY ・ AMUSEMENT
506;輿;PALANQUIN
507;竜;DRAGON
508;滝;WATERFALL
509;籠;BASKET
510;辰;THE DRAGON
511;農;FARMING
512;濃;THICK
513;豊;ABUNDANT
514;吉;LUCKY
515;詰;STUFF ・ REPRIMAND
516;結;TIE ・ CONCLUDE
517;投;THROW ・ SEND IN
518;役;SERVICE
519;没;SINK
520;設;SET UP
521;段;STEP
522;殺;KILL
523;刹;TEMPLE
524;刈;CLIP
525;絵;PICTURE
526;給;SUPPLY ・ PAY
527;巴;CIRCULAR COMMA PATTERN
528;色;COLOR ・ EROS
529;声;VOICE
530;眉;EYEBROW
531;里;VILLAGE ・ LEAGUE
532;理;REASON ・ BASIC PRINCIPLE ・ MANAGE
533;埋;BURY
534;野;FIELD ・ WILD
535;黒;BLACK
536;墨;INDIA INK
537;童;CHILD
538;量;QUANTITY
539;重;HEAVY ・ PILE ON TOP OF
540;動;MOVE
541;働;WORK
542;労;LABOR
543;協;COOPERATE
544;種;VARIETY ・ SEED
545;亜;SUB- ・ PHONETIC [A]
546;悪;BAD
547;要;IMPORTANT ・ SUMMARIZE ・ REQUIRE
548;価;PRICE ・ VALUE
549;必;WITHOUT FAIL
550;証;PROVE ・ CERTIFICATE
551;歪;DISTORT
552;否;SAY NO ・ OR NOT
553;処;DEAL WITH
554;拠;GROUNDS
555;計;PLAN ・ COMPUTE
556;針;NEEDLE
557;総;WHOLE ・ GENERAL
558;窓;WINDOW
559;矢;ARROW
560;知;KNOW
561;医;MEDICINE ・ DOCTOR
562;短;SHORT
563;失;LOSE ・ SLIP
564;鉄;IRON
565;夫;HUSBAND ・ MAN LABORER
566;朱;VERMILION
567;株;STOCK
568;族;FAMILY
569;旅;TRAVEL
570;遊;PLAY ・ TOUR
571;施;EXECUTE ・ BESTOW
572;旋;GYRATE
573;旗;FLAG
574;放;LET GO
575;激;VIOLENT ・ AROUSE
576;牧;PASTURE
577;位;RANK ・ POSITION
578;泣;CRY
579;笑;LAUGH
580;専;EXCLUSIVELY
581;恵;FAVOR
582;連;LINK ・ IN SUCCESSION
583;軍;ARMY
584;運;CARRY ・ MOVE ・ FORTUNE
585;蓮;LOTUS
586;隊;PARTY
587;呈;PRESENT
588;程;EXTENT ・ ESTABLISHED FORM
589;聖;HOLY ・ SAINT
590;丑;THE OX
591;紐;STRING
592;革;LEATHER ・ REFORM
593;靴;SHOES
594;鞄;SUITCASE
595;皮;SKIN
596;破;BREAK
597;彼;THIRD PERSON PRONOUN
598;波;WAVE
599;果;FRUIT ・ ACCOMPLISH
600;課;ASSIGNMENT ・ ASSIGN
601;巣;NEST
602;菓;CONFECTIONERY
603;茶;TEA
604;世;WORLD ・ AGE
605;葉;LEAF
606;棄;ABANDON
607;緑;GREEN
608;録;RECORD
609;剝;STRIP OFF
610;縁;RELATION ・ EDGE
611;介;MEDIATE
612;界;WORLD ・ BOUNDS
613;浮;FLOATING
614;将;GENERAL OFFICER
615;奨;ENCOURAGE
616;状;FORM ・ CONDITION ・ LETTER
617;病;ILLNESS
618;症;PATHOLOGICAL CONDITION
619;痛;PAIN ・ ACUTE
620;憶;REMEMBER
621;臆;FEEL TIMID
622;億;HUNDRED MILLION
623;視;LOOK AT
624;規;REGULATION
625;則;RULE
626;側;SIDE
627;測;MEASURE ・ CONJECTURE
628;考;THINK
629;老;OLD
630;孝;FILIAL PIETY
631;厚;THICK ・ KIND
632;教;TEACH ・ RELIGION
633;完;COMPLETE
634;院;INSTITUTION
635;奈;PHONETIC [NA]
636;宗;RELIGIOUS SECT
637;祭;FESTIVAL
638;際;VERGE ・ OCCASION
639;察;INSPECT ・ GUESS
640;祈;PRAY
641;祖;ANCESTOR
642;助;HELP
643;仲;INTERMEDIARY ・ PERSONAL RELATIONS
644;忠;LOYALTY
645;沖;OPEN SEA
646;保;PRESERVE
647;呆;DUMB
648;守;PROTECT
649;団;COLLECTIVE
650;対;OPPOSITE ・ OPPOSE
651;村;VILLAGE
652;才;TALENT ・ -YEARS OLD
653;財;WEALTH
654;材;TIMBER ・ MATERIAL
655;沈;SINK
656;枕;PILLOW
657;丈;STATURE ・ STOUT
658;杖;CANE
659;偉;GREAT
660;緯;LATITUDE
661;衛;GUARD
662;韓;(SOUTH) KOREA
663;違;DIFFER ・ VIOLATE
664;抱;HOLD
665;砲;HEAVY GUN
666;泡;BUBBLE
667;丹;CINNABAR RED
668;舟;SMALL BOAT
669;船;SHIP
670;舶;OCEANGOING SHIP
671;般;SORT
672;搬;CARRY
673;盤;DISK ・ BOARD
674;歯;TOOTH
675;冷;COLD
676;齢;AGE
677;少;LITTLE
678;砂;SAND
679;歩;WALK
680;渉;HAVE RELATIONS WITH
681;省;MINISTRY ・ SAVE ・ INTROSPECT
682;相;ASPECT ・ MUTUAL ・ MINISTER
683;想;CONCEIVE
684;称;APPELLATION
685;弥;PHONETIC [MI] ・ PHONETIC [YA]
686;互;RECIPROCAL
687;務;DUTY
688;柔;SOFT
689;軟;SOFT
690;軌;TRACK
691;軒;EAVES ・ COUNTER FOR HOUSES
692;軸;AXLE ・ AXIS
693;較;COMPARE
694;庫;STORAGE CHAMBER
695;蔵;STORE
696;倉;STOREHOUSE
697;創;CREATE
698;告;NOTIFY ・ ACCUSE
699;造;MAKE
700;衣;GARMENT
701;依;DEPEND ON
702;袋;BAG
703;褒;COMMEND
704;裏;REAR
705;表;EXPRESS ・ SURFACE ・ TABLE
706;現;ACTUAL ・ APPEAR
707;著;AUTHOR ・ CONSPICUOUS
708;制;SYSTEM ・ CONTROL
709;製;MANUFACTURE
710;初;FIRST
711;裸;NAKED
712;難;DIFFICULT ・ DISASTER ・ FAULT
713;准;JUNIOR
714;準;STANDARD ・ QUASI-
715;備;PROVIDE
716;死;DIE
717;葬;FUNERAL
718;列;COLUMN
719;烈;VEHEMENT
720;裂;SPLIT
721;例;EXAMPLE
722;刑;PENALTY
723;型;TYPE
724;研;GRIND ・ RESEARCH
725;厄;MISFORTUNE
726;危;DANGEROUS
727;範;MODEL
728;怨;HOLD A GRUDGE
729;苑;IMPERIAL GARDEN
730;宛;ADDRESS
731;碗;BOWL
732;腕;ARM ・ ABILITY
733;却;ELIMINATE
734;脚;LEG
735;犯;OFFENSE
736;狂;CRAZY
737;獄;PRISON
738;非;IS NOT
739;排;EXCLUDE ・ DISCHARGE
740;俳;HAIKU
741;罪;CRIME
742;罰;PUNISHMENT
743;伴;ACCOMPANY
744;判;JUDGE ・ PERSONAL SEAL
745;評;COMMENT
746;批;CRITICIZE
747;帥;COMMANDER IN CHIEF
748;師;MASTER
749;座;SEAT ・ SIT
750;坐;SIT
751;卒;GRADUATE ・ PRIVATE
752;率;RATE ・ LEAD
753;傘;UMBRELLA
754;笠;BAMBOO HAT
755;星;STAR
756;汁;JUICE ・ SOUP
757;斗;DIPPER ・ <TO> (18L)
758;料;FEE ・ MATERIALS
759;科;SUBJECT OF STUDY
760;然;-LIKE ・ SO
761;燃;BURN
762;黙;SILENT
763;獣;BEAST
764;猟;HUNTING
765;漁;FISHING
766;狩;HUNT
767;猛;FEROCIOUS
768;煙;SMOKE
769;焼;BURN
770;暁;DAWN
771;旧;FORMER
772;児;CHILD
773;亦;ALSO
774;赤;RED
775;変;CHANGE ・ ABNORMAL
776;蛮;BARBARIAN
777;恋;LOVE
778;愛;LOVE
779;憂;BE ANXIOUS ・ GRIEF
780;優;SUPERIOR ・ ACTOR ・ KIND
781;栗;CHESTNUT
782;票;SLIP OF PAPER ・ BALLOT
783;標;MARK
784;漂;DRIFT
785;遷;TRANSFER
786;各;EACH
787;客;VISITOR ・ CUSTOMER
788;路;ROAD
789;格;NORM ・ STATUS ・ CHARACTER
790;絡;INTERLINK ・ ENTWINE
791;略;LEAVE OUT ・ STRATEGY
792;閣;GRAND BUILDING ・ CABINET
793;落;FALL
794;南;SOUTH
795;西;WEST
796;酉;THE BIRD
797;酒;ALCOHOLIC DRINK
798;洒;SPRINKLE
799;配;DISTRIBUTE ・ PUT IN ORDER
800;酸;ACID ・ OXYGEN
801;猶;DELAY
802;尊;HONOR
803;遵;OBEY
804;導;GUIDE
805;敬;RESPECT
806;警;GUARD AGAINST ・ WARN
807;驚;SURPRISE
808;散;SCATTER
809;敢;BOLDLY
810;厳;SEVERE ・ SOLEMN
811;仏;BUDDHA
812;払;CLEAR AWAY ・ PAY
813;拡;ENLARGE
814;可;POSSIBLE ・ APPROVE
815;何;WHAT ・ HOW MANY
816;苛;TORMENT
817;荷;LOAD
818;河;RIVER
819;阿;PHONETIC [A]
820;司;ADMINISTER
821;伺;INQUIRE
822;詞;WORDS
823;飼;RAISE ANIMALS
824;冊;COUNTER FOR BOOKS
825;嗣;HEIR
826;覗;PEEK
827;歌;SONG ・ JAPANESE POEM
828;唄;DITTY
829;負;BEAR ・ LOSE
830;敗;BE DEFEATED
831;責;RESPONSIBILITY ・ BLAME
832;積;ACCUMULATE
833;債;DEBT ・ BOND
834;漬;PICKLE
835;紡;SPIN
836;績;ACHIEVEMENTS
837;具;IMPLEMENT
838;真;1
839;直;STRAIGHT ・ PUT STRAIGHT
840;植;PLANT
841;殖;MULTIPLY
842;値;VALUE
843;置;PLACE
844;県;PREFECTURE
845;州;STATE ・ SANDBAR
846;洲;SANDBAR
847;接;CONTACT
848;継;SUCCEED
849;断;CUT OFF ・ DECIDE
850;応;RESPOND TO
851;床;BED ・ FLOOR
852;麻;HEMP ・ BECOME NUMB
853;歴;PERSONAL HISTORY
854;暦;CALENDAR
855;臨;ATTEND ・ CONFRONT
856;園;GARDEN
857;遠;DISTANT
858;与;GIVE ・ TAKE PART IN
859;写;COPY
860;移;MOVE
861;卸;WHOLESALE
862;御;GENERAL HONORIFIC TERM
863;複;COMPOUND
864;腹;BELLY
865;復;RETURN TO
866;往;GO ON
867;柱;PILLAR
868;征;CONQUER
869;従;FOLLOW
870;徒;FOLLOWER ・ FELLOW(S) ・ GOING ON FOOT
871;縦;VERTICAL
872;延;EXTEND ・ POSTPONE
873;伸;STRETCH
874;紳;GENTLEMAN
875;縮;SHRINK
876;誕;BE BORN
877;廷;COURT
878;庭;COURTYARD ・ GARDEN
879;艇;BOAT
880;展;UNFOLD ・ DISPLAY
881;殿;PALACE ・ FORMAL HONORIFIC TITLE
882;異;DIFFERENT
883;翼;WING
884;累;CUMULATE ・ ENCUMBER
885;塁;BASE ・ SMALL FORT
886;吏;OFFICIAL
887;使;USE ・ ENVOY
888;史;HISTORY
889;更;RENEW ・ FURTHERMORE ・ GROW LATE
890;便;CONVENIENT ・ POSTAL DELIVERY ・ EXCRETA
891;硬;HARD
892;能;ABILITY ・ NOH DRAMA
893;態;STATE ・ POSTURE
894;熊;BEAR
895;罷;DISCONTINUE
896;羅;LINE UP ・ PHONETIC [RA]
897;雲;CLOUD
898;曇;CLOUDY
899;雪;SNOW
900;雷;THUNDER
901;零;ZERO
902;震;QUAKE
903;振;SWING
904;久;OF LONG DURATION
905;賑;FLOURISH
906;丘;HILL
907;兵;SOLDIER
908;岳;HIGH MOUNTAIN
909;浜;BEACH
910;舎;HUT
911;再;AGAIN
912;虎;TIGER
913;寅;THE TIGER
914;演;PERFORM
915;黄;YELLOW
916;横;SIDEWAYS ・ ARBITRARY
917;構;CONSTRUCT ・ MIND
918;講;LECTURE
919;購;PURCHASE
920;溝;CHANNEL
921;仮;TEMPORARY ・ FAKE
922;片;FRAGMENT ・ ONE OF TWO
923;版;PRINTING PLATE ・ PUBLISHING
924;板;BOARD ・ PLATE
925;販;ENGAGE IN SALES
926;義;RIGHTEOUSNESS ・ MEANING ・ SUBSTITUTE
927;議;DISCUSS ・ LEGISLATIVE BODY
928;儀;CEREMONY
929;犠;SACRIFICE
930;牲;SACRIFICE
931;旨;PURPORT
932;指;FINGER ・ POINT
933;揮;BRANDISH
934;輝;SHINE BRILLIANTLY
935;刺;PIERCE
936;策;SCHEME ・ MEASURE
937;差;DIVERGENCE
938;着;PUT ON ・ ARRIVE ・ STICK
939;看;OBSERVE
940;到;ARRIVE
941;倒;TOPPLE
942;論;ARGUE ・ THEORY
943;倫;MORALS
944;輪;WHEEL ・ RING
945;輸;TRANSPORT
946;諭;ADMONISH
947;愉;PLEASED
948;癒;HEAL
949;台;STAND ・ COUNTER FOR MACHINES AND VEHICLES ・ TAIWAN
950;治;GOVERN ・ CURE
951;冶;WORK METALS
952;療;TREAT
953;僚;COLLEAGUE
954;瞭;CLEAR
955;寮;DORMITORY
956;始;BEGIN
957;終;END
958;了;FINISH ・ COMPREHEND
959;承;AGREE TO ・ RECEIVE
960;蒸;STEAM
961;舞;DANCE
962;隣;NEIGHBOR
963;瞬;BLINK
964;夢;DREAM
965;枝;BRANCH
966;技;SKILL
967;伎;PERFORMANCE
968;岐;DIVERGE
969;峠;MOUNTAIN PASS
970;阜;MOUND
971;急;URGENT ・ HURRY ・ SUDDEN
972;争;CONTEND
973;情;EMOTION ・ ACTUAL CONDITIONS
974;清;CLEAR
975;晴;CLEAR SKY
976;精;REFINED ・ ESSENCE ・ SPIRIT
977;請;REQUEST
978;静;QUIET
979;浄;CLEAN
980;算;CALCULATE
981;答;ANSWER
982;符;SYMBOL
983;博;EXTENSIVE ・ DOCTOR, Ph.D.
984;縛;BIND
985;簿;RECORD BOOK
986;薄;THIN
987;采;GATHER
988;菜;VEGETABLE
989;採;PICK ・ GATHER
990;彩;BEAUTIFUL COLORING
991;杉;CRYPTOMERIA
992;街;CITY QUARTER
993;術;PRACTICAL ART
994;述;STATE
995;余;REMAINING ・ EXCESS
996;除;RID OF
997;徐;SLOWLY
998;叙;DESCRIBE
999;斜;OBLIQUE
1000;途;WAY
1001;塗;APPLY ON A SURFACE
1002;漆;LACQUER
1003;仙;HERMIT
1004;垂;HANG DOWN
1005;乗;RIDE
1006;兼;COMBINE ・ CANNOT
1007;剰;SURPLUS
1008;睡;SLEEP
1009;眠;SLEEP
1010;郵;MAIL
1011;錘;SPINDLE
1012;華;FLOWER ・ MAGNIFICENT ・ CHINA
1013;侵;INVADE
1014;浸;SOAK
1015;寝;GO TO SLEEP
1016;掃;SWEEP
1017;婦;ADULT WOMAN
1018;帰;RETURN
1019;戻;RETURN
1020;涙;TEAR
1021;射;SHOOT
1022;謝;THANK ・ APOLOGIZE
1023;討;STUDY ・ SUPPRESS BY ARMED FORCE
1024;訂;REVISE
1025;打;STRIKE
1026;撃;STRIKE
1027;拭;WIPE
1028;試;TRY
1029;検;EXAMINE
1030;験;TEST
1031;険;DANGEROUS ・ STEEP
1032;倹;FRUGAL
1033;剣;SWORD
1034;谷;VALLEY
1035;欲;DESIRE
1036;浴;BATHE
1037;容;COUNTENANCE ・ CONTAIN
1038;溶;DISSOLVE ・ MELT
1039;俗;POPULAR
1040;裕;ABUNDANT
1041;寛;LENIENT
1042;甘;SWEET
1043;紺;DARK BLUE
1044;紅;CRIMSON
1045;攻;ATTACK
1046;功;MERIT
1047;巧;SKILLFUL
1048;朽;DECAY
1049;枯;WITHER
1050;汚;DIRTY
1051;升;<SHO> (1.8L)
1052;弁;SPEAK ・ MANAGE ・ VALVE
1053;昇;ASCEND
1054;登;ASCEND ・ ATTEND ・ REGISTER
1055;澄;LIMPID
1056;充;FILL ・ ALLOT
1057;銃;GUN
1058;統;UNITE ・ INTERCONNECTED SYSTEM
1059;流;FLOW ・ CURRENT ・ STYLE
1060;硫;SULFUR
1061;盲;BLIND
1062;忘;FORGET
1063;忙;BUSY
1064;荒;WILD
1065;慌;FLURRIED
1066;望;HOPE ・ LOOK AFAR
1067;希;RARE ・ ASPIRE
1068;稀;RARE
1069;括;LUMP TOGETHER
1070;拘;ARREST
1071;拾;PICK UP
1072;捨;DISCARD
1073;孤;SOLITARY
1074;弧;ARC
1075;弾;PROJECTILE ・ SPRING BACK
1076;禅;ZEN
1077;系;SYSTEM ・ LINEAGE
1078;係;CONNECT ・ PERSON IN CHARGE
1079;孫;GRANDCHILD
1080;懸;SUSPEND
1081;偏;ONE-SIDED
1082;遍;ALL OVER ・ COUNTER FOR TIMES
1083;編;COMPILE ・ KNIT
1084;篇;VOLUME
1085;普;WIDESPREAD
1086;譜;SYSTEMATIC RECORD
1087;職;EMPLOYMENT
1088;織;WEAVE
1089;識;DISCRIMINATE ・ KNOWLEDGE
1090;殉;DIE A MARTYR
1091;退;RETREAT
1092;眼;EYE
1093;智;WISDOM
1094;仁;HUMANENESS
1095;忍;BEAR
1096;認;RECOGNIZE
1097;求;SEEK
1098;救;SAVE
1099;球;BALL
1100;屯;STATION TROOPS
1101;純;PURE
1102;鈍;DULL
1103;召;SUMMON
1104;招;INVITE
1105;沼;MUDDY POND
1106;紹;INTRODUCE
1107;詔;IMPERIAL EDICT
1108;勅;IMPERIAL DECREE
1109;昭;LUMINOUS
1110;照;ILLUMINATE ・ EXAMINE BY COMPARISON
1111;超;SURPASS
1112;越;GO BEYOND
1113;趣;PURPORT ・ FLAVOR
1114;赴;PROCEED TO
1115;訃;DEATH REPORT
1116;朴;SIMPLE
1117;掛;SET ・ HANG
1118;摘;PICK
1119;滴;DROP
1120;嫡;LEGITIMATE WIFE/CHILD
1121;適;FIT
1122;敵;ENEMY
1123;授;CONFER ・ INSTRUCT
1124;援;AID
1125;媛;DAMSEL
1126;緩;SLACK
1127;暖;WARM
1128;観;VIEW
1129;勧;URGE
1130;権;RIGHT ・ POWER
1131;歓;JOYOUS
1132;鶴;CRANE
1133;確;CERTAIN
1134;慢;ARROGANT ・ SLUGGISH
1135;漫;RAMBLING ・ COMIC
1136;卯;THE HARE
1137;抑;SUPPRESS
1138;仰;LOOK UP
1139;迎;WELCOME
1140;柳;WILLOW
1141;卵;EGG
1142;疎;SCATTERED ・ ESTRANGED
1143;速;QUICK
1144;遅;SLOW ・ LATE
1145;辻;CROSSROAD
1146;迅;SWIFT
1147;加;ADD
1148;減;DECREASE
1149;滅;EXTINGUISH
1150;威;MIGHT ・ THREATEN BY FORCE
1151;嚇;INTIMIDATE
1152;或;A CERTAIN
1153;惑;BEWILDERED
1154;域;BOUNDED AREA
1155;収;TAKE IN
1156;納;PAY ・ ACCEPT ・ PUT IN PLACE
1157;献;OFFER
1158;貢;TRIBUTE
1159;貪;COVET
1160;貰;GET
1161;貧;POOR
1162;賃;WAGES ・ CHARGES
1163;貸;LEND
1164;貨;MONEY ・ GOODS
1165;資;RESOURCES
1166;賛;APPROVE OF ・ PRAISE
1167;替;REPLACE
1168;潜;SUBMERGE ・ LURK
1169;貿;TRADE
1170;留;KEEP IN PLACE ・ STAY
1171;溜;ACCUMULATE
1172;賀;CONGRATULATE
1173;架;LAY ACROSS
1174;染;DYE
1175;梨;PEAR
1176;傑;PERSON OF EXCELLENCE
1177;貴;NOBLE ・ YOUR HONORABLE
1178;潰;CRUSH
1179;遺;LEAVE BEHIND
1180;遣;DISPATCH ・ USE
1181;追;CHASE
1182;迫;PRESS
1183;泊;STAY OVERNIGHT
1184;伯;OLDER SIBLING OF PARENT ・ COUNT
1185;拍;BEAT
1186;弔;CONDOLE
1187;沸;BOIL
1188;煮;BOIL
1189;費;SPEND
1190;弟;YOUNGER BROTHER
1191;第;ORDINAL NUMBER PREFIX
1192;剃;SHAVE
1193;兄;OLDER BROTHER
1194;只;FREE OF CHARGE ・ JUST
1195;税;TAX
1196;鋭;SHARP
1197;説;EXPLAIN ・ THEORY
1198;脱;REMOVE ・ ESCAPE FROM
1199;閲;REVIEW
1200;祝;CELEBRATE
1201;況;CONDITIONS
1202;悦;DELIGHTED
1203;克;OVERCOME
1204;競;COMPETE
1205;姉;OLDER SISTER
1206;妹;YOUNGER SISTER
1207;珠;PEARL
1208;殊;SPECIAL
1209;序;INTRODUCTORY PART ・ ORDER
1210;秩;ORDER
1211;迭;ALTERNATE
1212;喜;HAPPY
1213;善;GOOD
1214;繕;MEND
1215;膳;SMALL FOOD TABLE
1216;憾;STRONGLY REGRET
1217;恨;HOLD A GRUDGE
1218;惜;REGRET
1219;措;DISPOSE
1220;借;BORROW
1221;錯;MIXED UP
1222;曽;BEFORE
1223;増;INCREASE
1224;層;STRATUM
1225;憎;HATE
1226;僧;BONZE
1227;贈;PRESENT A GIFT
1228;賄;BRIBE
1229;賂;BRIBE
1230;賦;INSTALLMENT
1231;賊;BANDIT
1232;帯;BELT ・ WEAR
1233;滞;STAGNATE ・ STAY
1234;渋;NOT GO SMOOTHLY ・ ASTRINGENT
1235;摂;TAKE IN ・ ACT AS REGENT
1236;為;DO ・ SAKE
1237;偽;FALSIFY
1238;参;PARTICIPATE ・ VISIT A HOLY PLACE
1239;惨;MISERABLE ・ CRUEL
1240;呂;PHONETIC [RO]
1241;侶;COMPANION
1242;宮;ROYAL PALACE ・ SHINTO SHRINE
1243;営;OPERATE ・ BARRACKS
1244;蛍;FIREFLY
1245;栄;FLOURISH ・ GLORY
1246;誉;HONOR
1247;挙;NOMINATE ・ NOTEWORTHY ACT ・ RAISE
1248;拳;FIST
1249;桜;CHERRY
1250;妥;COME TO TERMS
1251;咲;BLOOM
1252;朕;IMPERIAL WE
1253;茎;STEM
1254;径;PATH ・ DIAMETER
1255;怪;MYSTERIOUS
1256;軽;LIGHT
1257;経;PASS THROUGH ・ MANAGE ・ SUTRA
1258;斉;EQUAL
1259;斎;OBSERVE RELIGIOUS ABSTINENCE ・ STUDY
1260;済;SETTLE ・ RELIEVE
1261;剤;PREPARATION
1262;剖;DISSECT
1263;陪;ATTEND UPON A SUPERIOR
1264;培;CULTIVATE
1265;賠;COMPENSATE
1266;貼;STICK ON
1267;粘;STICKY
1268;衡;BALANCE
1269;換;EXCHANGE
1270;喚;CALL
1271;絶;BREAK OFF ・ COME TO AN END ・ WITHOUT MATCH
1272;免;EXEMPTION
1273;逸;LET SLIP
1274;勉;ENDEAVOR
1275;晩;EVENING
1276;許;PERMIT
1277;象;PHENOMENON ・ ELEPHANT
1278;像;IMAGE
1279;彫;CARVE
1280;景;SCENE
1281;影;SHADOW
1282;撮;PHOTOGRAPH
1283;就;SET ABOUT
1284;涼;COOL
1285;鯨;WHALE
1286;隔;SEPARATE
1287;融;FUSE ・ FINANCE
1288;肖;LIKENESS
1289;消;EXTINGUISH ・ SPEND
1290;硝;NITER
1291;梢;TIP OF A TWIG
1292;削;CUT BY CHIPPING
1293;宵;EARLY EVENING
1294;宴;BANQUET
1295;郷;HOMETOWN
1296;饗;BANQUET
1297;響;REVERBERATE
1298;城;CASTLE
1299;誠;SINCERITY
1300;盛;PROSPER
1301;旺;FLOURISHING
1302;盆;TRAY ・ BON FESTIVAL
1303;蓋;LID
1304;盗;STEAL
1305;盟;ALLIANCE
1306;塩;SALT
1307;傷;WOUND
1308;揚;RAISE HIGH ・ FRY
1309;暢;FLUENT
1310;陽;SUN ・ POSITIVE
1311;陰;SHADOW ・ NEGATIVE
1312;隠;HIDE
1313;穏;CALM ・ MILD
1314;穂;SPIKE
1315;稲;RICE PLANT
1316;愁;MELANCHOLY
1317;裁;CUT OUT ・ JUDGE
1318;載;LOAD ・ PUT IN PRINT
1319;栽;PLANTING
1320;赦;AMNESTY
1321;跡;TRACE
1322;踪;TRACE
1323;痕;SCAR
1324;蹴;KICK
1325;踊;DANCE
1326;踏;TREAD
1327;躍;LEAP
1328;濯;RINSE
1329;奇;UNUSUAL
1330;寄;CONTRIBUTE ・ DRAW NEAR
1331;騎;RIDE ON HORSEBACK
1332;椅;CHAIR
1333;崎;PROMONTORY
1334;埼;PROMONTORY
1335;岬;CAPE
1336;模;PATTERN
1337;膜;MEMBRANE
1338;漠;DESERT ・ OBSCURE
1339;幕;CURTAIN ・ SHOGUNATE
1340;墓;GRAVE
1341;募;RAISE
1342;暮;DUSK ・ LIVE
1343;慕;ADORE
1344;添;ADD TO
1345;恭;RESPECTFUL
1346;暴;VIOLENT ・ DISCLOSE
1347;爆;EXPLODE
1348;沿;ALONG(SIDE)
1349;礎;FOUNDATION STONE
1350;疑;DOUBT
1351;凝;CONGEAL
1352;擬;IMITATE
1353;倣;COPY AFTER
1354;似;RESEMBLE
1355;俵;STRAW SACK
1356;俺;I
1357;庵;HERMITAGE
1358;僕;I ・ MANSERVANT
1359;撲;DEAL A BLOW
1360;叩;STRIKE
1361;伐;CUT DOWN
1362;閥;CLIQUE
1363;闘;FIGHT
1364;闇;DARK
1365;閑;LEISURE ・ QUIET
1366;脈;VEIN ・ PULSE
1367;派;SECT ・ DISPATCH
1368;缶;CAN
1369;揺;SHAKE
1370;謡;POPULAR SONG
1371;遥;FAR
1372;陶;POTTERY
1373;陳;SET FORTH
1374;陣;BATTLE FORMATION ・ CAMP
1375;陥;FALL IN [INTO]
1376;隆;PROSPER
1377;降;DESCEND
1378;峰;PEAK
1379;逢;MEET
1380;縫;SEW
1381;蜂;BEE
1382;蜜;HONEY
1383;密;CLOSE ・ SECRET
1384;秘;SECRET
1385;欧;EUROPE
1386;枢;PIVOT
1387;殴;BEAT
1388;駆;DRIVE
1389;馳;GALLOP
1390;騒;CLAMOR
1391;旭;RISING SUN
1392;旦;DAWN
1393;但;PROVIDED THAT
1394;担;BEAR ON SHOULDER ・ UNDERTAKE
1395;亘;SPAN
1396;恒;CONSTANT
1397;垣;FENCE
1398;宣;PROCLAIM
1399;喧;CLAMOROUS
1400;嘩;NOISY
1401;唾;SALIVA
1402;壷;JAR
1403;坪;<TSUBO> (about 3.3 square meters)
1404;畔;WATERSIDE
1405;衆;MULTITUDE
1406;伊;PHONETIC [I]
1407;君;RULER ・ FAMILIAR TITLE ・ YOU
1408;群;GROUP
1409;郡;COUNTY
1410;那;PHONETIC [NA]
1411;邦;STATE ・ JAPAN
1412;郊;SUBURB
1413;効;EFFECT
1414;絞;STRANGLE ・ WRING
1415;搾;SQUEEZE
1416;紋;CREST
1417;菊;CHRYSANTHEMUM
1418;帝;EMPEROR
1419;締;CONCLUDE ・ TIGHTEN
1420;諦;GIVE UP
1421;享;ENJOY
1422;郭;OUTER ENCLOSURE
1423;亭;INN ・ PSEUDONYM SUFFIX
1424;停;STOP
1425;昆;INSECT
1426;混;MIX
1427;皆;ALL
1428;楷;BLOCK CHARACTER STYLE
1429;諧;HARMONY
1430;階;FLOOR ・ RANK
1431;陛;IMPERIAL PALACE STEPS
1432;陸;LAND
1433;睦;FRIENDLY
1434;勢;POWER ・ CONDITION
1435;熱;HEAT
1436;熟;MATURE
1437;塾;PRIVATE SCHOOL
1438;陵;IMPERIAL MAUSOLEUM
1439;菱;RHOMBUS
1440;俊;BRILLIANT PERSON
1441;唆;INSTIGATE
1442;筈;TO BE EXPECTED
1443;箸;CHOPSTICKS
1444;暑;HOT
1445;署;GOVERNMENT OFFICE ・ SIGN ONE'S NAME
1446;曙;DAWN
1447;賭;WAGER
1448;諸;VARIOUS
1449;儲;PROFIT
1450;緒;OUTSET ・ LINE
1451;翁;OLD MAN
1452;婆;OLD WOMAN
1453;姿;FIGURE
1454;恣;ARBITRARY
1455;妄;RASH
1456;萎;WILT
1457;妻;WIFE
1458;凄;TREMENDOUS
1459;章;CHAPTER ・ BADGE
1460;彰;PROCLAIM MERITS
1461;障;HINDRANCE
1462;辛;PUNGENT ・ HARD
1463;宰;PRESIDE
1464;辣;SHARP
1465;辞;WORD ・ RESIGN
1466;壁;WALL
1467;璧;MAGNIFICENT JEWEL
1468;癖;HABIT
1469;避;AVOID
1470;幸;GOOD FORTUNE ・ HAPPINESS
1471;服;CLOTHES ・ SUBMIT
1472;報;REPORT ・ REQUITE
1473;執;EXECUTE ・ SEIZE
1474;摯;SINCERE
1475;達;ATTAIN ・ PLURAL SUFFIX
1476;朗;CHEERFUL ・ CLEAR
1477;浪;BILLOW ・ ROAM
1478;呉;KINGDOM OF WU ・ GIVE
1479;娯;ENJOYMENT
1480;誤;MISTAKE
1481;富;RICH
1482;副;SECONDARY
1483;幅;WIDTH
1484;福;FORTUNE
1485;祉;BLESSEDNESS
1486;禍;CALAMITY
1487;渦;WHIRLPOOL
1488;鍋;POT
1489;蘭;ORCHID ・ HOLLAND
1490;欄;COLUMN
1491;潤;MOIST
1492;淵;EDGE ・ DEEP POOL
1493;滑;SLIDE ・ SMOOTH
1494;稽;PRACTICE
1495;肩;SHOULDER
1496;脅;THREATEN
1497;肯;ASSENT
1498;双;SET OF TWO
1499;江;INLET
1500;湾;BAY
1501;港;PORT
1502;選;SELECT
1503;択;SELECT
1504;沢;SWAMP ・ ABUNDANT
1505;訳;TRANSLATE ・ SENSE
1506;釈;ELUCIDATE ・ RELEASE
1507;敷;LAY
1508;傲;PROUD
1509;贅;LUXURY
1510;審;EXAMINE CAREFULLY ・ TRY
1511;藩;FEUDAL DOMAIN
1512;翻;TURN OVER ・ RENDER IN ANOTHER FORM
1513;翔;SOAR
1514;査;LOOK INTO
1515;租;LAND TAX
1516;粗;COARSE
1517;阻;HAMPER
1518;狙;AIM AT
1519;宜;RIGHT
1520;畳;<TATAMI> (straw mat) ・ FOLD UP
1521;甲;SHELL ・ FIRST IN A SERIES
1522;乙;SECOND IN A SERIES
1523;丙;THIRD IN A SERIES
1524;柄;CHARACTER ・ STATUS
1525;押;PUSH
1526;抽;DRAW OUT
1527;捜;LOOK FOR
1528;届;DELIVER ・ REACH
1529;宙;SPACE ・ MIDAIR
1530;笛;FLUTE
1531;袖;SLEEVE
1532;襟;COLLAR
1533;衿;COLLAR
1534;裾;CUFF
1535;据;SET
1536;握;GRASP
1537;揃;MAKE UNIFORM
1538;撫;STROKE
1539;託;ENTRUST
1540;宅;DWELLING HOUSE
1541;詫;APOLOGIZE
1542;宇;UNIVERSE
1543;芋;POTATO
1544;寿;LONGEVITY ・ CONGRATULATIONS
1545;鋳;CAST
1546;銘;INSCRIPTION
1547;鏡;MIRROR ・ OPTICAL INSTRUMENT
1548;境;BOUNDARY ・ SITUATION
1549;環;RING ・ SURROUND
1550;還;RETURN
1551;盾;SHIELD
1552;循;CIRCULATE
1553;巡;MAKE THE ROUNDS
1554;這;CRAWL
1555;逓;RELAY
1556;息;BREATH
1557;憩;TAKE A REST
1558;鼻;NOSE
1559;孔;OPEN HOLE
1560;臭;BAD SMELL
1561;嗅;SMELL
1562;奥;INNER PART
1563;尖;POINTY
1564;突;THRUST
1565;窒;CHOKE ・ NITROGEN
1566;窃;STEAL
1567;衝;COLLIDE
1568;契;PLEDGE
1569;喫;INGEST
1570;潔;IMMACULATE
1571;侮;INSULT
1572;梅;JAPANESE APRICOT
1573;悔;REPENT
1574;敏;NIMBLE
1575;繁;THRIVE
1576;繋;CONNECT
1577;茂;GROW THICK
1578;橋;BRIDGE
1579;矯;RECTIFY
1580;稿;MANUSCRIPT
1581;縞;STRIPE
1582;箋;WRITING PAPER
1583;残;LEAVE BEHIND ・ RUTHLESS
1584;桟;SCAFFOLD
1585;銭;MONEY
1586;践;PUT INTO ACTION
1587;浅;SHALLOW
1588;洩;LEAK
1589;壮;VIGOROUS ・ GRAND
1590;荘;VILLA ・ DIGNIFIED
1591;装;DRESS ・ FIT OUT
1592;冥;DARK
1593;暗;DARK
1594;韻;RHYME
1595;損;LOSS
1596;捕;CATCH
1597;挿;INSERT
1598;補;SUPPLEMENT
1599;浦;SEASIDE
1600;哺;SUCKLE
1601;舗;PAVE ・ SHOP
1602;掴;GRASP
1603;捉;CATCH
1604;促;HASTEN
1605;筆;BRUSH ・ WRITING
1606;津;HARBOR
1607;律;LAW ・ RHYTHM
1608;逮;CATCH A CRIMINAL
1609;建;BUILD
1610;健;ROBUST
1611;康;HEALTHY
1612;庸;MEDIOCRE
1613;粛;PURGE ・ HUSHED
1614;繍;EMBROIDERY
1615;唐;TANG DYNASTY
1616;糖;SUGAR
1617;粧;APPLY MAKEUP
1618;糧;FOOD PROVISIONS
1619;粉;POWDER
1620;紛;CONFUSED
1621;糾;INQUIRE INTO
1622;粋;REFINED
1623;砕;CRUSH UP
1624;枠;FRAME
1625;酔;BECOME INTOXICATED
1626;醒;WAKE UP
1627;酬;RECIPROCATE
1628;酷;SEVERE
1629;凡;COMMONPLACE
1630;凧;KITE
1631;帆;SAIL
1632;汎;PAN-
1633;恐;FEAR
1634;怖;FEARFUL
1635;築;CONSTRUCT
1636;尋;INQUIRE
1637;訊;INTERROGATE
1638;諮;CONSULT
1639;抗;RESIST
1640;航;NAVIGATE
1641;坑;PIT
1642;拝;WORSHIP ・ HUMBLY
1643;耕;TILL
1644;耗;WEAR AWAY
1645;崇;REVERENCE
1646;灰;ASH
1647;炭;COAL ・ CHARCOAL ・ CARBON
1648;岸;SHORE
1649;岩;ROCK
1650;崩;CRUMBLE
1651;嵐;STORM
1652;崖;CLIFF
1653;催;SPONSOR
1654;焦;SCORCH ・ BE IMPATIENT
1655;礁;REEF
1656;奮;ROUSE UP
1657;奪;SEIZE
1658;隻;ONE OF A PAIR ・ COUNTER FOR SHIPS
1659;獲;CATCH GAME
1660;穫;HARVEST
1661;護;PROTECT
1662;譲;CEDE
1663;嬢;YOUNG LADY
1664;醸;BREW
1665;壌;ARABLE SOIL
1666;壊;BREAK DOWN
1667;懐;BOSOM ・ LONG FOR
1668;徳;VIRTUE
1669;聴;LISTEN
1670;恥;SHAME
1671;羞;SHAME
1672;爵;RANK OF NOBILITY
1673;侯;FEUDAL LORD
1674;喉;THROAT
1675;候;SEASON ・ SEASONAL WEATHER
1676;修;CULTIVATE ・ REPAIR
1677;悠;LEISURELY
1678;是;RIGHT
1679;提;PRESENT ・ CARRY IN HAND
1680;堤;EMBANKMENT
1681;題;HEADING ・ TOPIC ・ PROBLEM
1682;匙;SPOON
1683;冒;RISK
1684;昌;CLEAR
1685;唱;SING
1686;晶;CRYSTAL
1687;帽;HEADGEAR
1688;棟;BUILDING
1689;凍;FREEZE
1690;氷;ICE
1691;永;ETERNAL
1692;泳;SWIM
1693;詠;RECITE POETRY
1694;札;TAG
1695;枚;COUNTER FOR FLAT THINGS
1696;杯;CUP
1697;析;ANALYZE
1698;折;BREAK (OFF) ・ FOLD
1699;挫;BREAK
1700;捻;TWIST
1701;誓;SWEAR
1702;逝;DEPART THIS LIFE
1703;哲;WISE ・ PHILOSOPHY
1704;斬;KILL
1705;漸;GRADUALLY
1706;暫;SHORT WHILE
1707;斥;REJECT
1708;訴;APPEAL TO ・ SUE
1709;訟;LITIGATE
1710;究;STUDY EXHAUSTIVELY
1711;窮;BE IN EXTREMITY
1712;極;EXTREME ・ POLE
1713;函;BOX
1714;探;PROBE ・ LOOK FOR
1715;深;DEEP
1716;慄;TREMBLE
1717;惧;FEAR
1718;慎;PRUDENT
1719;鎮;QUELL
1720;塡;FILL (IN)
1721;婚;MARRY
1722;囚;PRISONER
1723;困;BE IN TROUBLE
1724;梱;PACKAGE
1725;因;CAUSE
1726;姻;MARRIAGE
1727;咽;THROAT
1728;恩;GRACE ・ DEBT OF GRATITUDE
1729;菌;BACTERIA
1730;漢;CHINESE HAN DYNASTY ・ FELLOW
1731;嘆;SIGH
1732;勤;SERVICE
1733;謹;RESPECTFULLY
1734;僅;A FEW
1735;索;SEARCH FOR
1736;牽;PULL
1737;牢;PRISON ・ HARDNESS
1738;啓;ENLIGHTEN ・ ADDRESS RESPECTFULLY
1739;庶;MANIFOLD
1740;遮;INTERRUPT
1741;燕;SWALLOW
1742;雀;SPARROW ・ MAHJONG
1743;劣;INFERIOR
1744;抄;EXCERPT
1745;秒;SECOND
1746;妙;MARVELOUS
1747;沙;SAND
1748;汰;SIFT OUT
1749;煎;BOIL
1750;炒;ROAST
1751;炊;COOK
1752;焚;KINDLE
1753;薪;FIREWOOD
1754;乃;POSSESSIVE PARTICLE
1755;之;POSSESSIVE PARTICLE
1756;此;THIS
1757;其;THAT
1758;乏;SCANTY
1759;芝;LAWN GRASS
1760;及;REACH TO
1761;扱;HANDLE
1762;級;GRADE
1763;吸;SUCK ・ BREATHE IN
1764;吹;BLOW
1765;呼;CALL
1766;吐;SPEW
1767;叶;BE FULFILLED
1768;叱;SCOLD
1769;叫;SHOUT
1770;吟;RECITE
1771;含;CONTAIN
1772;琴;<KOTO> (japanese zither)
1773;迷;PERPLEXED
1774;謎;RIDDLE
1775;逆;REVERSE
1776;遡;GO BACK IN TIME
1777;塑;MODEL
1778;勲;MERITORIOUS SERVICE
1779;薫;BALMY
1780;芳;FRAGRANT
1781;香;SWEET SMELL
1782;秀;EXCELLENT
1783;誘;INDUCE
1784;拐;KIDNAP
1785;透;PASS THROUGH ・ SEE THROUGH
1786;携;CARRY IN HAND
1787;雄;MALE ・ HEROIC
1788;雌;FEMALE
1789;些;A LITTLE BIT
1790;柴;BRUSHWOOD
1791;紫;PURPLE
1792;髪;HAIR
1793;髭;BEARD
1794;詐;SWINDLE
1795;欺;DECEIVE
1796;棋;<SHOGI> (japanese chess)
1797;碁;<GO> (japanese checkers)
1798;甚;EXTREMELY
1799;勘;CHECK ・ INTUITIVE PERCEPTION
1800;堪;ENDURE
1801;匹;COUNTER FOR ANIMALS
1802;匠;CRAFTSMAN
1803;匿;CONCEAL
1804;諾;CONSENT
1805;乞;BEG
1806;迄;UP TO
1807;乾;DRY
1808;幹;TRUNK
1809;操;MANIPULATE ・ FIDELITY
1810;燥;DRY OUT
1811;繰;REEL ・ SHIFT ONWARD
1812;藻;SEAWEED
1813;噴;SPOUT
1814;墳;TUMULUS
1815;憤;INDIGNATION
1816;牙;FANG
1817;芽;BUD
1818;雅;ELEGANT
1819;邪;EVIL
1820;既;ALREADY
1821;概;GENERAL
1822;慨;DEPLORE
1823;苗;SEEDLING
1824;描;DEPICT
1825;猫;CAT
1826;萌;GERMINATE
1827;兆;SIGN ・ TRILLION
1828;眺;GAZE
1829;逃;ESCAPE
1830;桃;PEACH
1831;跳;JUMP
1832;挑;PROVOKE
1833;拙;CLUMSY
1834;屈;BEND
1835;掘;DIG
1836;堀;DITCH
1837;封;SEAL ・ ENFEOFF
1838;筒;TUBE
1839;管;PIPE ・ EXERCISE CONTROL
1840;棺;COFFIN
1841;轄;EXERCISE JURISDICTION OVER
1842;洞;CAVE
1843;窟;CAVE
1844;淫;LEWD
1845;妊;BECOME PREGNANT
1846;娠;CONCEIVE
1847;唇;LIP
1848;辱;HUMILIATE
1849;襲;RAID ・ INHERIT
1850;伏;PROSTRATE
1851;吠;HOWL
1852;噛;BITE
1853;班;SQUAD
1854;斑;SPOT
1855;輩;FELLOW
1856;悲;SAD
1857;忽;SUDDENLY ・ CARELESS
1858;惚;FALL IN LOVE WITH
1859;猿;MONKEY
1860;哀;SORROW ・ PITY
1861;衰;DECLINE
1862;衷;INNER HEART
1863;喪;MOURNING ・ LOSS
1864;忌;MOURNING ・ ABHOR
1865;卓;TABLE ・ PROMINENT
1866;悼;MOURN
1867;貞;CHASTE
1868;偵;SPY
1869;覇;SUPREMACY
1870;覆;COVER ・ OVERTURN
1871;履;FULFILL ・ PUT ON FOOTWEAR
1872;属;BELONG TO
1873;嘱;CHARGE WITH
1874;偶;BY CHANCE ・ COUPLE
1875;隅;NOOK
1876;隙;CREVICE
1877;遇;TREAT ・ ENCOUNTER
1878;愚;FOOLISH
1879;曹;SERGEANT
1880;遭;MEET WITH
1881;槽;TUB
1882;妨;HINDER
1883;坊;SONNY BOY ・ COLLOQUIAL PERSON SUFFIX
1884;傍;BESIDE
1885;於;AT
1886;房;CHAMBER ・ TUFT
1887;扇;FAN
1888;扉;HINGED DOOR
1889;雇;EMPLOY
1890;顧;LOOK BACK ON
1891;屑;SCRAPS
1892;糞;DROPPINGS
1893;尿;URINE
1894;泌;SECRETE
1895;尻;BUTTOCKS
1896;炉;FURNACE
1897;窯;KILN
1898;釜;IRON POT
1899;爺;OLD MAN
1900;窪;SINK
1901;佳;FINE
1902;涯;FAR END
1903;暇;FREE TIME
1904;霞;MIST
1905;雰;ATMOSPHERE
1906;霧;FOG
1907;露;DEW ・ EXPOSE
1908;霜;FROST
1909;箱;BOX
1910;籍;REGISTER
1911;貫;PENETRATE
1912;慣;HABITUAL PRACTICE
1913;頂;SUMMIT ・ RECEIVE HUMBLY
1914;戴;RECEIVE HUMBLY
1915;項;CLAUSE
1916;頃;TIME ・ ABOUT
1917;傾;INCLINE
1918;頑;STUBBORN
1919;頒;DISTRIBUTE WIDELY
1920;頓;SUDDENLY
1921;顕;MANIFEST
1922;領;DOMINION
1923;頻;REPEATEDLY
1924;捗;MAKE PROGRESS
1925;順;ORDER ・ OBEY
1926;馴;GET USED TO
1927;訓;INSTRUCT
1928;須;MUST
1929;額;AMOUNT ・ PICTURE FRAME ・ FOREHEAD
1930;頼;RELY ON ・ ASK
1931;瀬;SHALLOWS
1932;峡;GORGE
1933;狭;NARROW
1934;挟;HOLD BETWEEN
1935;頰;CHEEKS
1936;顎;JAW
1937;煩;VEXING
1938;串;SKEWER
1939;患;AFFECTED BY DISEASE
1940;疾;DISEASE ・ FAST
1941;痴;STUPID ・ INFATUATED
1942;疫;EPIDEMIC
1943;痢;DIARRHEA
1944;痘;SMALLPOX
1945;瘍;ULCER
1946;癌;CANCER
1947;痩;BECOME THIN
1948;疲;TIRED
1949;被;BE SUBJECTED TO
1950;披;OPEN OUT
1951;抜;PULL OUT ・ STAND OUT
1952;控;HOLD BACK
1953;扶;LEND SUPPORT TO
1954;抹;WIPE
1955;拓;OPEN UP
1956;拷;TORTURE
1957;楼;TALL BUILDING
1958;壇;PLATFORM
1959;塔;TOWER
1960;搭;LOAD ON BOARD
1961;寡;FEW ・ WIDOW(ER)
1962;賓;GUEST
1963;飾;DECORATE
1964;飽;SATIATED
1965;餓;STARVE
1966;飢;STARVE
1967;机;DESK
1968;冗;REDUNDANT
1969;冠;CROWN
1970;離;SEPARATE
1971;胸;CHEST
1972;悩;SUFFER
1973;脳;BRAIN
1974;臓;INTERNAL ORGAN
1975;胃;STOMACH
1976;炎;FLAME ・ INFLAMMATION
1977;談;TALK
1978;淡;LIGHT
1979;災;NATURAL CALAMITY
1980;肝;LIVER
1981;肺;LUNG
1982;胆;GALLBLADDER
1983;腺;GLAND
1984;胞;MEMBRANOUS SAC
1985;腸;INTESTINES
1986;胎;WOMB ・ FETUS
1987;腰;WAIST
1988;肘;ELBOW
1989;膝;KNEE
1990;股;CROTCH
1991;肢;LIMB
1992;胴;TRUNK
1993;脇;ARMPIT ・ ASIDE
1994;脂;FAT
1995;詣;VISIT A TEMPLE
1996;肪;ANIMAL FAT
1997;肌;SKIN
1998;膚;SKIN
1999;慮;CONSIDER
2000;虐;CRUEL
2001;虞;RISK
2002;劇;DRAMA
2003;虚;EMPTY ・ FALSE
2004;虜;CAPTIVE
2005;勇;BRAVE
2006;湧;WELL UP
2007;戯;SPORT
2008;繊;FINE ・ FIBER
2009;緻;FINE
2010;嘘;LIE
2011;噂;RUMOR
2012;樽;BARREL
2013;距;DISTANCE
2014;拒;REFUSE
2015;嬉;GLAD
2016;鼓;DRUM
2017;樹;STANDING TREE
2018;膨;EXPAND
2019;脹;SWELL
2020;張;SPREAD ・ STRAIN
2021;帳;NOTEBOOK
2022;腫;TUMOR
2023;肥;FATTEN
2024;把;GRIP
2025;誇;BOAST
2026;覧;LOOK OVER
2027;監;OVERSEE
2028;鑑;APPRAISE ・ REFER TO
2029;艦;WARSHIP
2030;濫;EXCESSIVE
2031;藍;INDIGO
2032;賢;WISE
2033;腎;KIDNEY
2034;堅;FIRM
2035;緊;TIGHTEN ・ EXIGENT
2036;勃;SUDDENLY RISING
2037;励;WORK HARD
2038;栃;HORSE CHESTNUT
2039;茨;BRIER
2040;羨;ENVIOUS
2041;歳;YEAR ・ -YEARS OLD
2042;戚;KIN
2043;叔;YOUNGER SIBLING OF PARENT
2044;淑;GRACEFUL
2045;寂;LONESOME
2046;督;SUPERVISE ・ COMMANDER
2047;奴;SLAVE ・ GUY
2048;努;EXERT
2049;怒;GET ANGRY
2050;隷;UNDERLING
2051;款;ARTICLE ・ FRIENDLY RELATIONS
2052;殻;HUSK
2053;穀;GRAIN
2054;臼;MORTAR
2055;毀;BREAK
2056;廉;HONEST ・ CHEAP
2057;鎌;SICKLE
2058;嫌;DISLIKE
2059;謙;HUMBLE
2060;遜;HUMBLE
2061;亀;TURTLE
2062;練;TRAIN
2063;錬;REFINE
2064;鍛;FORGE
2065;鉱;ORE ・ MINE
2066;銅;COPPER
2067;鉛;LEAD
2068;銑;PIG IRON
2069;鋼;STEEL
2070;剛;TOUGH
2071;綱;ROPE ・ MAIN POINTS
2072;網;NET
2073;縄;ROPE
2074;鉢;BOWL
2075;鎖;CHAIN
2076;絆;BONDS
2077;鍵;KEY
2078;釘;NAIL
2079;錮;LOCK DOWN
2080;錠;LOCK ・ PILL
2081;綻;COME APART AT THE SEAMS
2082;鈴;BELL
2083;鐘;BELL
2084;瞳;PUPIL
2085;憧;YEARN AFTER
2086;憬;YEARN AFTER
2087;卑;MEAN
2088;碑;MONUMENT
2089;痺;PARALYSIS
2090;鬼;DEMON
2091;塊;LUMP
2092;醜;UGLY
2093;魂;SOUL
2094;魅;CHARM
2095;魔;DEMON
2096;畏;FEAR
2097;刷;PRINT
2098;擦;RUB
2099;摩;RUB AGAINST
2100;磨;POLISH
2101;凹;CONCAVE
2102;凸;CONVEX
2103;奉;DEDICATE
2104;奏;PLAY MUSIC
2105;泰;TRANQUIL
2106;俸;SALARY
2107;棒;ROD
2108;捧;DEDICATE
2109;耐;WITHSTAND
2110;霊;SPIRIT
2111;需;DEMAND
2112;濡;WET
2113;儒;CONFUCIANISM
2114;端;EDGE
2115;壱;ONE
2116;尼;BUDDHIST NUN
2117;泥;MUD
2118;漏;LEAK
2119;氾;FLOOD
2120;彙;CATALOG
2121;某;A CERTAIN
2122;謀;SCHEME
2123;媒;MEDIATE
2124;尉;OFFICER
2125;慰;CONSOLE
2126;酪;DAIRY PRODUCTS
2127;酵;FERMENT
2128;醤;SOY SAUCE
2129;酢;VINEGAR
2130;酎;<SHOCHU> (japanese distilled liquor)
2131;酌;POUR WINE
2132;釣;ANGLE
2133;畜;(RAISE) LIVESTOCK
2134;蓄;STORE UP
2135;玄;PROFOUND
2136;眩;DAZZLING
2137;呟;MUTTER
2138;囁;WHISPER
2139;喋;SPEAK
2140;喩;LIKEN
2141;鬱;DEPRESSION ・ CONGESTED
2142;弦;STRING
2143;舷;GUNWALE
2144;舵;RUDDER
2145;幻;PHANTOM
2146;幽;QUIET AND SECLUDED
2147;幼;VERY YOUNG
2148;稚;CHILD
2149;維;FIBER
2150;推;INFER ・ PUSH FORWARD
2151;堆;PILE UP
2152;椎;SPINE ・ CHINQUAPIN
2153;脊;SPINE
2154;雛;CHICK
2155;誰;WHO
2156;唯;MERELY
2157;鳴;CRY ・ SOUND
2158;亥;THE BOAR
2159;刻;ENGRAVE ・ POINT IN TIME
2160;劾;EXPOSE CRIMES
2161;核;NUCLEUS
2162;骸;BODY
2163;咳;COUGH
2164;該;CORRESPOND TO
2165;診;EXAMINE A PATIENT
2166;珍;RARE
2167;瓦;TILE
2168;併;PUT TOGETHER
2169;瓶;BOTTLE
2170;屏;FENCE
2171;塀;FENCE
2172;餅;RICE CAKE
2173;餌;FEED ・ BAIT
2174;呑;SWALLOW
2175;沃;FERTILITY
2176;妖;BEWITCHING
2177;呪;CHARM
2178;艶;CHARMING ・ ROMANCE
2179;慈;AFFECTIONATE
2180;滋;NOURISH
2181;磁;MAGNETISM
2182;擁;EMBRACE
2183;腐;ROT
2184;芯;CORE
2185;蒔;SOW
2186;撒;SCATTER
2187;撤;WITHDRAW
2188;徹;GO THROUGH
2189;微;SLIGHT
2190;徴;LEVY ・ SIGN
2191;懲;CHASTISE
2192;殆;ALMOST
2193;后;EMPRESS
2194;垢;DIRT
2195;妃;PRINCESS
2196;姫;DAUGHTER OF NOBLE BIRTH
2197;如;AS
2198;茹;BOIL
2199;婿;SON-IN-LAW
2200;娘;DAUGHTER ・ GIRL
2201;嫁;WED A MAN ・ BRIDE
2202;稼;WORK
2203;塚;MOUND
2204;豪;GREAT MAN ・ MAGNIFICENT
2205;蒙;IGNORANCE ・ PHONETIC [MÔ]
2206;墾;CLEAR LAND FOR FARMING
2207;懇;FAMILIAR ・ EARNEST
2208;貌;APPEARANCE
2209;逐;DRIVE OUT ・ ONE BY ONE
2210;遂;ACCOMPLISH
2211;墜;DROP DOWN
2212;堕;DEGENERATE
2213;随;FOLLOW
2214;附;ATTACH
2215;髄;MARROW
2216;怠;IDLE
2217;惰;LAZY
2218;佐;ASSIST ・ FIELD OFFICER
2219;玩;PLAY WITH
2220;弄;PLAY WITH
2221;嘲;RIDICULE
2222;奔;RUSH
2223;弊;EVIL PRACTICE
2224;幣;CURRENCY ・ SHINTO PAPER OFFERING
2225;蔽;COVER
2226;朋;COMRADE
2227;棚;SHELF
2228;柵;FENCE
2229;桁;DIGIT ・ BEAM
2230;栓;STOPPER
2231;詮;INQUIRY
2232;塞;PLUG UP
2233;梗;BLOCK
2234;柿;PERSIMMON
2235;藤;WISTERIA
2236;騰;RISE
2237;謄;TRANSCRIBE
2238;麺;NOODLES
2239;拉;KIDNAP
2240;晃;DAZZLING
2241;幌;AWNING
2242;厘;<RIN> (0.001 yen)
2243;畝;<SE> (RIDGE)
2244;匁;<MONME> (3.75 grams)
2245;匂;SMELL
2246;勾;BENT
2247;挨;GREET
2248;拶;GREET
2249;曖;NOT CLEAR
2250;昧;DARK
2251;瑠;LAPIS LAZULI
2252;璃;GLASSY SUBSTANCE
2253;嫉;ENVY
2254;妬;ENVY
2255;鹿;DEER
2256;塵;DUST
2257;麓;FOOT OF A MOUNTAIN
2258;麗;OF GRACEFUL BEAUTY
2259;薦;RECOMMEND
2260;慶;FELICITATION
2261;兜;HELMET
2262;睨;GLARE AT
2263;鼠;RAT
2264;溺;DROWN
2265;潟;LAGOON
2266;濁;TURBID
2267;渇;RUN DRY ・ THIRST
2268;褐;BROWN
2269;葛;KUDZU
2270;喝;SHOUT AT
2271;謁;BE GRANTED AN AUDIENCE
2272;掲;PUT UP
2273;戌;THE DOG
2274;尤;REASONABLE
2275;駄;GOOD FOR NOTHING ・ CLOGS
2276;駒;HORSE ・ CHESS PIECE
2277;篤;SERIOUS ・ KIND
2278;罵;SPEAK ILL OF
2279;蔑;SCORN
2280;罠;TRAP
2281;烏;RAVEN
2282;鴨;DUCK
2283;鳩;PIGEON
2284;鶏;CHICKEN
2285;渓;RAVINE
2286;鷹;HAWK
2287;鷲;EAGLE
2288;璽;IMPERIAL SEAL
2289;爽;REFRESHING
2290;綴;STITCH TOGETHER ・ COMPOSE
2291;桑;MULBERRY
2292;蚕;SILKWORM
2293;蛋;EGG
2294;蟹;CRAB
2295;蚊;MOSQUITO
2296;巳;THE SERPENT
2297;蛇;SNAKE
2298;繭;COCOON
2299;蝶;BUTTERFLY
2300;虹;RAINBOW
